date,title,url,is_pdf
2013-01-01,Opening Remarks,https://www.federalreserve.gov/newsevents/speech/bernanke20131216a.htm,False
2013-02-21,"Discussion of ""Crunch Time: Fiscal Crises and the Role of Monetary Policy""",https://www.federalreserve.gov/newsevents/speech/powell20130221a.htm,False
2013-03-04,"Ending ""Too Big to Fail""",https://www.federalreserve.gov/newsevents/speech/powell20130304a.htm,False
2013-06-27,Thoughts on Unconventional Monetary Policy,https://www.federalreserve.gov/newsevents/speech/powell20130627a.htm,False
2013-07-02,International Financial Regulatory Reform,https://www.federalreserve.gov/newsevents/speech/powell20130702a.htm,False
2013-10-03,Community Banking: Connecting Research and Policy,https://www.federalreserve.gov/newsevents/speech/powell20131003a.htm,False
2013-10-11,Communications Challenges and Quantitative Easing,https://www.federalreserve.gov/newsevents/speech/powell20131011a.htm,False
2013-11-04,Advanced Economy Monetary Policy and Emerging Market Economies,https://www.federalreserve.gov/newsevents/speech/powell20131104a.htm,False
2013-11-21,OTC Market Infrastructure Reform:  Opportunities and Challenges,https://www.federalreserve.gov/newsevents/speech/powell20131121a.htm,False
2014-06-06,A Conversation on Central Banking Issues,https://www.federalreserve.gov/newsevents/speech/powell20140606a.htm,False
2014-09-04,Reforming U.S. Dollar LIBOR:  The Path Forward,https://www.federalreserve.gov/newsevents/speech/powell20140904a.htm,False
2014-09-23,Introductory Remarks,https://www.federalreserve.gov/newsevents/speech/powell20140923a.htm,False
2014-09-30,"Remarks on ""Government Debt Management at the Zero Lower Bound""",https://www.federalreserve.gov/newsevents/speech/powell20140930a.htm,False
2014-10-20,Opening Remarks,https://www.federalreserve.gov/newsevents/speech/powell20141020a.htm,False
2014-11-06,A Financial System Perspective on Central Clearing of Derivatives,https://www.federalreserve.gov/newsevents/speech/powell20141106a.htm,False
2014-11-14,"Monetary Policy Accommodation, Risk-Taking, and Spillovers",https://www.federalreserve.gov/newsevents/speech/powell20141114a.htm,False
2014-12-04,The Federal Reserve's Financial Stability Agenda,https://www.federalreserve.gov/newsevents/speech/brainard20141203a.htm,False
2015-01-01,Financial Stability and Shadow Banks: What We Don't Know Could Hurt Us,https://www.federalreserve.gov/newsevents/speech/fischer20151203a.htm,False
2015-01-20,Comments on the Fair and Effective Markets Review,https://www.federalreserve.gov/newsevents/speech/powell20150120a.htm,False
2015-02-04,Welcoming Remarks,https://www.federalreserve.gov/newsevents/speech/powell20150204a.htm,False
2015-02-09,"""Audit the Fed"" and Other Proposals",https://www.federalreserve.gov/newsevents/speech/powell20150209a.htm,False
2015-02-18,"Financial Institutions, Financial Markets, and Financial Stability",https://www.federalreserve.gov/newsevents/speech/powell20150218a.htm,False
2015-04-08,Remarks on Monetary Policy,https://www.federalreserve.gov/newsevents/speech/powell20150408a.htm,False
2015-05-14,Regulation and Supervision of Community Banks,https://www.federalreserve.gov/newsevents/speech/powell20150514a.htm,False
2015-06-25,Building a Safer Payment System,https://www.federalreserve.gov/newsevents/speech/powell20150625a.htm,False
2015-08-03,Structure and Liquidity in Treasury Markets,https://www.federalreserve.gov/newsevents/speech/powell20150803a.htm,False
2015-10-20,The Evolving Structure of U.S. Treasury Markets,https://www.federalreserve.gov/newsevents/speech/powell20151020a.htm,False
2015-11-17,Central Clearing in an Interdependent World,https://www.federalreserve.gov/newsevents/speech/powell20151117a.htm,False
2015-11-20,Opening Remarks,https://www.federalreserve.gov/newsevents/speech/powell20151120a.htm,False
2016-01-12,Commencement Remarks,https://www.federalreserve.gov/newsevents/speech/yellen20161219a.htm,False
2016-02-26,"Discussion of the paper ""Language after Liftoff: Fed Communication Away from the Zero Lower Bound""",https://www.federalreserve.gov/newsevents/speech/powell20160226a.htm,False
2016-05-26,"Recent Economic Developments, the Productive Potential of the Economy, and Monetary Policy",https://www.federalreserve.gov/newsevents/speech/powell20160526a.htm,False
2016-06-21,Introductory Comments,https://www.federalreserve.gov/newsevents/speech/powell20160621a.htm,False
2016-06-28,"Recent Economic Developments, Monetary Policy Considerations and Longer-term Prospects",https://www.federalreserve.gov/newsevents/speech/powell20160628a.htm,False
2016-09-29,Trends in Community Bank Performance over the Past 20 Years,https://www.federalreserve.gov/newsevents/speech/powell20160929a.htm,False
2016-10-24,Opening Remarks on Government Securities Settlement,https://www.federalreserve.gov/newsevents/speech/powell20161024.htm,False
2016-11-18,The Global Trade Slowdown and Its Implications for Emerging Asia,https://www.federalreserve.gov/newsevents/speech/powell20161118a.htm,False
2016-11-29,Recent Economic Developments and Longer-Run Challenges,https://www.federalreserve.gov/newsevents/speech/powell20161129a.htm,False
2016-11-30,A View from the Fed,https://www.federalreserve.gov/newsevents/speech/powell20161130a.htm,False
2017-01-07,Low Interest Rates and the Financial System,https://www.federalreserve.gov/newsevents/speech/powell20170107a.htm,False
2017-02-22,The Economic Outlook and Monetary Policy,https://www.federalreserve.gov/newsevents/speech/powell20170222a.htm,False
2017-03-03,"Innovation, Technology, and the Payments System",https://www.federalreserve.gov/newsevents/speech/powell20170303a.htm,False
2017-03-28,America's Central Bank: The History and Structure of the Federal Reserve,https://www.federalreserve.gov/newsevents/speech/powell20170328a.htm,False
2017-04-05,Welcoming Remarks,https://www.federalreserve.gov/newsevents/speech/powell20170405a.htm,False
2017-04-20,Brief Remarks,https://www.federalreserve.gov/newsevents/speech/powell20170420a.htm,False
2017-06-01,Thoughts on the Normalization of Monetary Policy,https://www.federalreserve.gov/newsevents/speech/powell20170601a.htm,False
2017-06-23,Central Clearing and Liquidity,https://www.federalreserve.gov/newsevents/speech/powell20170623a.htm,False
2017-06-26,Remarks,https://www.federalreserve.gov/newsevents/speech/powell20170626a.htm,False
2017-07-06,The Case for Housing Finance Reform,https://www.federalreserve.gov/newsevents/speech/powell20170706a.htm,False
2017-08-30,The Role of Boards at Large Financial Firms,https://www.federalreserve.gov/newsevents/speech/powell20170830a.htm,False
2017-10-05,Treasury Markets and the TMPG,https://www.federalreserve.gov/newsevents/speech/powell20171005a.htm,False
2017-10-12,Prospects for Emerging Market Economies in a Normalizing Global Economy,https://www.federalreserve.gov/newsevents/speech/powell20171012a.htm,False
2017-10-12,Workforce Development in Today's Economy,https://www.federalreserve.gov/newsevents/speech/brainard20171213a.htm,False
2017-10-18,Financial Innovation: A World in Transition,https://www.federalreserve.gov/newsevents/speech/powell20171018a.htm,False
2017-11-02,Introductory Remarks,https://www.federalreserve.gov/newsevents/speech/powell20171102a.htm,False
2018-02-13,Remarks at the Ceremonial Swearing-in,https://www.federalreserve.gov/newsevents/speech/powell20180213a.htm,False
2018-04-06,The Outlook for the U.S. Economy,https://www.federalreserve.gov/newsevents/speech/powell20180406a.htm,False
2018-05-08,Monetary Policy Influences on Global Financial Conditions and International Capital Flows,https://www.federalreserve.gov/newsevents/speech/powell20180508a.htm,False
2018-05-25,Financial Stability and Central Bank Transparency,https://www.federalreserve.gov/newsevents/speech/powell20180525a.htm,False
2018-06-20,Monetary Policy at a Time of Uncertainty and Tight Labor Markets,https://www.federalreserve.gov/newsevents/speech/powell20180620a.htm,False
2018-08-03,Assessing Financial Stability over the Cycle,https://www.federalreserve.gov/newsevents/speech/brainard20181207a.htm,False
2018-08-24,Monetary Policy in a Changing Economy,https://www.federalreserve.gov/newsevents/speech/powell20180824a.htm,False
2018-09-27,Brief Remarks on the U.S. Economy,https://www.federalreserve.gov/newsevents/speech/powell20180927a.htm,False
2018-10-02,Monetary Policy and Risk Management at a Time of Low Inflation and Low Unemployment,https://www.federalreserve.gov/newsevents/speech/powell20181002a.htm,False
2018-11-28,The Federal Reserve's Framework for Monitoring Financial Stability,https://www.federalreserve.gov/newsevents/speech/powell20181128a.htm,False
2018-12-03,Celebrating Excellence in Community Development,https://www.federalreserve.gov/newsevents/speech/powell20181203a.htm,False
2018-12-06,Welcoming Remarks,https://www.federalreserve.gov/newsevents/speech/powell20181206a.htm,False
2019-01-01,"Update on Digital Currencies, Stablecoins, and the Challenges Ahead",https://www.federalreserve.gov/newsevents/speech/brainard20191218a.htm,False
2019-02-06,Welcoming Remarks,https://www.federalreserve.gov/newsevents/speech/powell20190206a.htm,False
2019-02-12,Encouraging Economic Development in High-Poverty Rural Communities,https://www.federalreserve.gov/newsevents/speech/powell20190212a.htm,False
2019-02-28,Recent Economic Developments and Longer-Term Challenges,https://www.federalreserve.gov/newsevents/speech/powell20190228b.htm,False
2019-03-08,Monetary Policy: Normalization and the Road Ahead,https://www.federalreserve.gov/newsevents/speech/powell20190308a.htm,False
2019-03-11,Brief Remarks,https://www.federalreserve.gov/newsevents/speech/powell20190311a.htm,False
2019-05-09,Welcoming Remarks,https://www.federalreserve.gov/newsevents/speech/powell20190509a.htm,False
2019-05-20,Business Debt and Our Dynamic Financial System,https://www.federalreserve.gov/newsevents/speech/powell20190520a.htm,False
2019-06-04,Opening Remarks,https://www.federalreserve.gov/newsevents/speech/powell20190604a.htm,False
2019-06-25,Economic Outlook and Monetary Policy Review,https://www.federalreserve.gov/newsevents/speech/powell20190625a.htm,False
2019-07-09,Welcoming Remarks (via prerecorded video),https://www.federalreserve.gov/newsevents/speech/powell20190709a.htm,False
2019-07-16,Monetary Policy in the Post-Crisis Era,https://www.federalreserve.gov/newsevents/speech/powell20190716a.htm,False
2019-08-23,Challenges for Monetary Policy,https://www.federalreserve.gov/newsevents/speech/powell20190823a.htm,False
2019-10-04,Opening Remarks,https://www.federalreserve.gov/newsevents/speech/powell20191004a.htm,False
2019-10-07,Brief Remarks,https://www.federalreserve.gov/newsevents/speech/powell20191007a.htm,False
2019-10-08,Data-Dependent Monetary Policy in an Evolving Economy,https://www.federalreserve.gov/newsevents/speech/powell20191008a.htm,False
2019-10-09,Opening Remarks,https://www.federalreserve.gov/newsevents/speech/powell20191009a.htm,False
2019-11-25,Building on the Gains from the Long Expansion,https://www.federalreserve.gov/newsevents/speech/powell20191125a.htm,False
2020-04-09,COVID-19 and the Economy,https://www.federalreserve.gov/newsevents/speech/powell20200409a.htm,False
2020-05-13,Current Economic Issues,https://www.federalreserve.gov/newsevents/speech/powell20200513a.htm,False
2020-05-21,Opening Remarks,https://www.federalreserve.gov/newsevents/speech/powell20200521a.htm,False
2020-06-19,Introductory Comments,https://www.federalreserve.gov/newsevents/speech/powell20200619a.htm,False
2020-08-27,New Economic Challenges and the Fed's Monetary Policy Review,https://www.federalreserve.gov/newsevents/speech/powell20200827a.htm,False
2020-10-06,Recent Economic Developments and the Challenges Ahead,https://www.federalreserve.gov/newsevents/speech/powell20201006a.htm,False
2020-11-24,Strengthening the Financial System to Meet the Challenge of Climate Change,https://www.federalreserve.gov/newsevents/speech/brainard20201218a.htm,False
2021-02-10,Getting Back to a Strong Labor Market,https://www.federalreserve.gov/newsevents/speech/powell20210210a.htm,False
2021-02-24,A Hopeless and Imperative Endeavor: Lessons from the Pandemic for Economic Forecasters,https://www.federalreserve.gov/newsevents/speech/waller20211217a.htm,False
2021-03-18,Closing Remarks,https://www.federalreserve.gov/newsevents/speech/powell20210318a.htm,False
2021-05-03,Community Development,https://www.federalreserve.gov/newsevents/speech/powell20210503a.htm,False
2021-08-17,Welcoming Remarks,https://www.federalreserve.gov/newsevents/speech/powell20210817a.htm,False
2021-08-27,Monetary Policy in the Time of COVID,https://www.federalreserve.gov/newsevents/speech/powell20210827a.htm,False
2021-09-24,Introductory Remarks,https://www.federalreserve.gov/newsevents/speech/powell20210924a.htm,False
2021-11-08,Opening Remarks,https://www.federalreserve.gov/newsevents/speech/powell20211108a.htm,False
2021-11-09,Opening Remarks,https://www.federalreserve.gov/newsevents/speech/powell20211109a.htm,False
2021-11-29,Opening Remarks,https://www.federalreserve.gov/newsevents/speech/powell20211129a.htm,False
2022-01-01,Why Bank Capital Matters,https://www.federalreserve.gov/newsevents/speech/barr20221201a.htm,False
2022-03-21,Restoring Price Stability,https://www.federalreserve.gov/newsevents/speech/powell20220321a.htm,False
2022-05-24,Welcoming Remarks,https://www.federalreserve.gov/newsevents/speech/powell20220524a.htm,False
2022-06-17,Welcoming Remarks,https://www.federalreserve.gov/newsevents/speech/powell20220617a.htm,False
2022-08-26,Monetary Policy and Price Stability,https://www.federalreserve.gov/newsevents/speech/powell20220826a.htm,False
2022-09-28,Welcoming Remarks,https://www.federalreserve.gov/newsevents/speech/powell20220928a.htm,False
2022-11-30,Inflation and the Labor Market,https://www.federalreserve.gov/newsevents/speech/powell20221130a.htm,False
2023-01-10,"Panel on ""Central Bank Independence and the MandateâEvolving Views""",https://www.federalreserve.gov/newsevents/speech/powell20230110a.htm,False
2023-01-11,Building a More Inclusive Financial System through Collaboration and Action,https://www.federalreserve.gov/newsevents/speech/bowman20231205a.htm,False
2023-06-29,Financial Stability and Economic Developments,https://www.federalreserve.gov/newsevents/speech/powell20230629a.htm,False
2023-08-25,Inflation:  Progress and the Path Ahead,https://www.federalreserve.gov/newsevents/speech/powell20230825a.htm,False
2023-09-28,Welcoming Remarks,https://www.federalreserve.gov/newsevents/speech/powell20230928a.htm,False
2023-10-19,Opening Remarks,https://www.federalreserve.gov/newsevents/speech/powell20231019a.htm,False
2023-10-25,Introductory Remarks,https://www.federalreserve.gov/newsevents/speech/powell20231025a.htm,False
2023-11-08,Opening Remarks,https://www.federalreserve.gov/newsevents/speech/powell20231108a.htm,False
2023-11-09,Opening Remarks,https://www.federalreserve.gov/newsevents/speech/powell20231109a.htm,False
2023-12-01,Opening Remarks,https://www.federalreserve.gov/newsevents/speech/powell20231201a.htm,False
2024-02-28,A Year in Review: A Tale of Two Supply Shocks,https://www.federalreserve.gov/newsevents/speech/kugler20241203a.htm,False
2024-04-03,Opening Remarks,https://www.federalreserve.gov/newsevents/speech/powell20240403a.htm,False
2024-05-19,Georgetown University Law Center Commencement Address,https://www.federalreserve.gov/newsevents/speech/powell20240519a.htm,False
2024-08-23,Review and Outlook,https://www.federalreserve.gov/newsevents/speech/powell20240823a.htm,False
2024-09-26,Opening Remarks,https://www.federalreserve.gov/newsevents/speech/powell20240926a.htm,False
2024-09-30,Economic Outlook,https://www.federalreserve.gov/newsevents/speech/powell20240930a.htm,False
2024-11-14,Economic Outlook,https://www.federalreserve.gov/newsevents/speech/powell20241114a.htm,False
2025-02-05,Technological Advancements in Payments,https://www.federalreserve.gov/newsevents/speech/waller20250820a.htm,False
2025-03-07,Economic Outlook,https://www.federalreserve.gov/newsevents/speech/powell20250307a.htm,False
2025-04-04,Economic Outlook,https://www.federalreserve.gov/newsevents/speech/powell20250404a.htm,False
2025-04-16,Economic Outlook,https://www.federalreserve.gov/newsevents/speech/powell20250416a.htm,False
2025-05-15,Opening Remarks,https://www.federalreserve.gov/newsevents/speech/powell20250515a.htm,False
2025-05-25,Baccalaureate Remarks,https://www.federalreserve.gov/newsevents/speech/powell20250525a.htm,False
2025-06-02,Opening Remarks,https://www.federalreserve.gov/newsevents/speech/powell20250602a.htm,False
2025-07-22,Opening Remarks,https://www.federalreserve.gov/newsevents/speech/powell20250722a.htm,False
